{"loss": [0.022025085985660553, 0.013554871082305908, 0.013282467611134052, 0.0131943728774786, 0.01304691657423973, 0.012925134971737862, 0.012932201847434044, 0.012790841981768608, 0.012709038332104683, 0.012578392401337624, 0.012554402463138103, 0.01249129418283701, 0.01237656269222498, 0.01237455103546381, 0.01230944786220789, 0.012236274778842926, 0.012203230522572994, 0.012152165174484253, 0.012159104458987713, 0.012153889052569866], "mean_absolute_error": [0.10808048397302628, 0.09075069427490234, 0.08957987278699875, 0.0895046591758728, 0.0891348198056221, 0.08850843459367752, 0.0885126069188118, 0.08804308623075485, 0.08762558549642563, 0.08711901307106018, 0.08726388961076736, 0.08698880672454834, 0.08660876750946045, 0.08654904365539551, 0.08624526113271713, 0.0860198587179184, 0.08594533056020737, 0.08571270108222961, 0.08574000746011734, 0.08585461229085922], "root_mean_squared_error": [0.14840851724147797, 0.11642538756132126, 0.11524958908557892, 0.11486676335334778, 0.11422310024499893, 0.11368876695632935, 0.11371983587741852, 0.11309660226106644, 0.1127343699336052, 0.11215343326330185, 0.11204642802476883, 0.11176446080207825, 0.11124999821186066, 0.11124096065759659, 0.11094795167446136, 0.11061769723892212, 0.11046823114156723, 0.11023686081171036, 0.11026832461357117, 0.11024467647075653], "val_loss": [0.016545843333005905, 0.015358464792370796, 0.015355557203292847, 0.015379926189780235, 0.015167655423283577, 0.01746084727346897, 0.01925393007695675, 0.014985148794949055, 0.015730809420347214, 0.015654273331165314, 0.016137700527906418, 0.014988691546022892, 0.014820542186498642, 0.016100388020277023, 0.014543342404067516, 0.015038236044347286, 0.016175171360373497, 0.017075128853321075, 0.014543302357196808, 0.014550099149346352], "val_mean_absolute_error": [0.09794416278600693, 0.09652408212423325, 0.09631779044866562, 0.09645912051200867, 0.09544012695550919, 0.10025718808174133, 0.1038084551692009, 0.09425099194049835, 0.0961465984582901, 0.09604272991418839, 0.09649109095335007, 0.09394003450870514, 0.09481795877218246, 0.09629610925912857, 0.09341702610254288, 0.09346452355384827, 0.09606465697288513, 0.0980360358953476, 0.0930105522274971, 0.09311222285032272], "val_root_mean_squared_error": [0.1286306530237198, 0.12392927706241608, 0.12391754239797592, 0.12401582300662994, 0.12315703928470612, 0.13213950395584106, 0.13875852525234222, 0.12241384387016296, 0.12542252242565155, 0.12511703372001648, 0.1270342469215393, 0.12242831289768219, 0.12173964828252792, 0.12688730657100677, 0.120595782995224, 0.12263048440217972, 0.12718164920806885, 0.13067184388637543, 0.12059561163187027, 0.12062378972768784], "test_root_mean_squared_error": 0.11151820689654428, "test_mean_absolute_error": 0.08668931384259301}