{"loss": [0.020641302689909935, 0.01399143598973751, 0.013557976111769676, 0.013319425284862518, 0.013219823129475117, 0.013191900216042995, 0.013043895363807678, 0.013033329509198666, 0.013027960434556007, 0.012942029163241386, 0.012899535708129406, 0.012902342714369297, 0.012865428812801838, 0.012798464857041836, 0.012696615420281887, 0.012669341638684273, 0.012590120546519756, 0.012541092932224274, 0.012466761283576488, 0.012456819415092468], "mean_absolute_error": [0.11163131892681122, 0.0934150442481041, 0.09121318906545639, 0.09043019264936447, 0.0900697410106659, 0.08973512798547745, 0.08952993154525757, 0.08917967230081558, 0.08909737318754196, 0.08900751918554306, 0.08892850577831268, 0.08881594240665436, 0.08860514312982559, 0.08840891718864441, 0.08796830475330353, 0.0880594477057457, 0.08746916800737381, 0.08746654540300369, 0.08713973313570023, 0.08705803751945496], "root_mean_squared_error": [0.14367081224918365, 0.1182854026556015, 0.11643872410058975, 0.11540981382131577, 0.11497748643159866, 0.11485599726438522, 0.11420987546443939, 0.1141636073589325, 0.1141400933265686, 0.11376304179430008, 0.11357612162828445, 0.11358848214149475, 0.11342587321996689, 0.11313030123710632, 0.11267925798892975, 0.11255817115306854, 0.11220570653676987, 0.11198702454566956, 0.11165465414524078, 0.11161012202501297], "val_loss": [0.012840602546930313, 0.011849742382764816, 0.011520827189087868, 0.011475677601993084, 0.012325701303780079, 0.011389162391424179, 0.011364136822521687, 0.011527393944561481, 0.011418307200074196, 0.011551998555660248, 0.011844680644571781, 0.012698490172624588, 0.011445765383541584, 0.012064398266375065, 0.011869342997670174, 0.011424985714256763, 0.011181618086993694, 0.011169472709298134, 0.011037362739443779, 0.011200668290257454], "val_mean_absolute_error": [0.08827126771211624, 0.08633347600698471, 0.0844186544418335, 0.08395805209875107, 0.0852220207452774, 0.08310411870479584, 0.08284129202365875, 0.08306175470352173, 0.08278929442167282, 0.08267627656459808, 0.0862005203962326, 0.08608634769916534, 0.08312824368476868, 0.08432307839393616, 0.08409557491540909, 0.08227238804101944, 0.08249056339263916, 0.08325925469398499, 0.08179530501365662, 0.08202902227640152], "val_root_mean_squared_error": [0.1133163794875145, 0.10885651409626007, 0.10733511298894882, 0.10712458938360214, 0.11102117598056793, 0.10672001540660858, 0.10660270601511002, 0.10736570507287979, 0.10685648024082184, 0.10748022049665451, 0.10883326828479767, 0.11268758028745651, 0.10698488354682922, 0.10983805358409882, 0.10894651710987091, 0.10688772797584534, 0.1057431697845459, 0.10568572580814362, 0.10505885630846024, 0.10583320260047913], "test_root_mean_squared_error": 0.11365054789066416, "test_mean_absolute_error": 0.08713813967265283}