{"loss": [0.020015684887766838, 0.013619503937661648, 0.01339714229106903, 0.013271481730043888, 0.013134613633155823, 0.013019800186157227, 0.013056876137852669, 0.012936639599502087, 0.012906910851597786, 0.012773365713655949, 0.01277506910264492, 0.012719092890620232, 0.012698382139205933, 0.012726952321827412, 0.012658728286623955, 0.012687706388533115, 0.012609336525201797, 0.012567747384309769, 0.012591873295605183, 0.012556065805256367], "mean_absolute_error": [0.10786867141723633, 0.09091660380363464, 0.09028422832489014, 0.08964849263429642, 0.08933734148740768, 0.08879499137401581, 0.08897310495376587, 0.08850379288196564, 0.08850913494825363, 0.08797325193881989, 0.0880749300122261, 0.08799808472394943, 0.08764897286891937, 0.08774042129516602, 0.08734960854053497, 0.08765273541212082, 0.08731462806463242, 0.08724721521139145, 0.08719439059495926, 0.08731129765510559], "root_mean_squared_error": [0.1414767950773239, 0.11670263111591339, 0.11574602127075195, 0.1152019202709198, 0.1146063432097435, 0.11410433799028397, 0.11426668614149094, 0.11373935639858246, 0.11360858380794525, 0.11301931738853455, 0.11302684992551804, 0.11277895420789719, 0.11268709599971771, 0.1128137931227684, 0.11251101642847061, 0.11263971775770187, 0.11229129880666733, 0.11210596561431885, 0.11221351474523544, 0.11205384880304337], "val_loss": [0.013525738380849361, 0.013675917871296406, 0.013094015419483185, 0.013093520887196064, 0.014301139861345291, 0.013276859186589718, 0.013365305960178375, 0.013811178505420685, 0.012663953006267548, 0.013447178527712822, 0.013206392526626587, 0.01269366592168808, 0.012725502252578735, 0.012662876397371292, 0.012561039067804813, 0.012737428769469261, 0.01262064091861248, 0.012475213035941124, 0.012437771074473858, 0.013231562450528145], "val_mean_absolute_error": [0.09122633934020996, 0.08899630606174469, 0.08809219300746918, 0.08936417102813721, 0.09079545736312866, 0.08899858593940735, 0.08858843147754669, 0.0892411544919014, 0.08765681833028793, 0.09260839968919754, 0.08867987245321274, 0.08648072928190231, 0.0873594656586647, 0.08617399632930756, 0.08665141463279724, 0.08876435458660126, 0.08802995085716248, 0.08669867366552353, 0.08735163509845734, 0.0870426595211029], "val_root_mean_squared_error": [0.11630021035671234, 0.1169440820813179, 0.11442908644676208, 0.11442692577838898, 0.11958737671375275, 0.11522525548934937, 0.11560841649770737, 0.11752097308635712, 0.11253423243761063, 0.1159619688987732, 0.11491906642913818, 0.11266616731882095, 0.11280737072229385, 0.1125294491648674, 0.1120760440826416, 0.11286021769046783, 0.11234162747859955, 0.11169249564409256, 0.11152475327253342, 0.11502853035926819], "test_root_mean_squared_error": 0.11569002492563753, "test_mean_absolute_error": 0.08784443799117597}