{"loss": [0.018913131207227707, 0.013617205433547497, 0.0132729047909379, 0.013091507367789745, 0.013020780868828297, 0.01289340015500784, 0.01284114457666874, 0.012690297327935696, 0.012617670930922031, 0.012537597678601742, 0.012484188191592693, 0.012437313795089722, 0.012408132664859295, 0.01233476772904396, 0.012387256138026714, 0.012166067957878113, 0.012228457257151604, 0.012089099735021591, 0.012061119079589844, 0.012071586214005947], "mean_absolute_error": [0.10534810274839401, 0.0916546881198883, 0.0900503545999527, 0.08937643468379974, 0.08923713862895966, 0.08904434740543365, 0.0885707288980484, 0.08805534988641739, 0.08783937245607376, 0.0874013602733612, 0.08741133660078049, 0.08694151788949966, 0.08684023469686508, 0.08678455650806427, 0.08700736612081528, 0.08609376847743988, 0.08623634278774261, 0.08570420742034912, 0.08570986241102219, 0.08570431917905807], "root_mean_squared_error": [0.1375250220298767, 0.11669278144836426, 0.11520809680223465, 0.11441812664270401, 0.11410863697528839, 0.11354910582304001, 0.11331877112388611, 0.11265122145414352, 0.1123284101486206, 0.111971415579319, 0.11173266172409058, 0.11152270436286926, 0.11139179766178131, 0.11106199771165848, 0.11129805445671082, 0.11029990017414093, 0.11058235168457031, 0.10995044559240341, 0.10982312262058258, 0.10987076908349991], "val_loss": [0.01392055582255125, 0.013612533919513226, 0.01667707972228527, 0.015986859798431396, 0.013934247195720673, 0.015004127286374569, 0.013193805702030659, 0.01456338632851839, 0.013687076047062874, 0.012976350262761116, 0.01355663314461708, 0.016242068260908127, 0.012843923643231392, 0.012489177286624908, 0.012734302319586277, 0.014489099383354187, 0.013129109516739845, 0.012903548777103424, 0.012820657342672348, 0.013714909553527832], "val_mean_absolute_error": [0.09125950187444687, 0.08898808807134628, 0.09772871434688568, 0.095723457634449, 0.09320942312479019, 0.09255675971508026, 0.0880509540438652, 0.09138514846563339, 0.08782791346311569, 0.08886484056711197, 0.08736281841993332, 0.09693079441785812, 0.08666469156742096, 0.08566346764564514, 0.08622387796640396, 0.09155389666557312, 0.08688748627901077, 0.08628524094820023, 0.08559004217386246, 0.08886685222387314], "val_root_mean_squared_error": [0.11798540502786636, 0.11667276173830032, 0.1291397660970688, 0.1264391541481018, 0.11804341524839401, 0.12249133735895157, 0.1148642897605896, 0.1206788569688797, 0.11699178069829941, 0.11391378194093704, 0.11643295735120773, 0.12744437158107758, 0.11333103477954865, 0.11175499111413956, 0.11284636706113815, 0.12037067860364914, 0.11458232998847961, 0.11359378695487976, 0.11322834342718124, 0.11711066961288452], "test_root_mean_squared_error": 0.1155670995229699, "test_mean_absolute_error": 0.08840864048704528}